id,first_name,last_name,username
1,Luther,Denesik,VickieArmstrong
2,Garfield,Champlin,OsbaldoKihn
3,Winston,Mills,OkeySporer
4,Julio,Goldner,HeidiQuitzon
5,Vanessa,Wolf,LeonardGrimes
6,Princess,Emmerich,CooperSchneider
7,Guy,Pfannerstill,HubertGlover
8,Jonathon,Mayert,PollySpinka
9,Etha,Terry,BlazeHegmann
10,Yazmin,Volkman,JairoMann
11,Garett,Rutherford,EverettWitting
12,Arno,Dare,AshleeJewess
13,Alayna,Rogahn,NewtonWilkinson
14,Salma,Howell,MarinaRempel
15,Constance,Parker,SharonRippin
16,Noah,Bogisich,CristalKuhlman
17,Dulce,Hermann,RandalLockman
18,Anibal,Wilkinson,HadleyBarton
19,Erika,Lynch,KyleFriesen
20,Lucinda,McLaughlin,AaliyahPadberg
21,Junior,Ankunding,SheilaCorwin
22,Ephraim,Larkin,SarinaWiza
23,Jannie,Langosh,KarleyHuel
24,Thalia,McClure,FreidaRosenbaum
25,Nicola,Walker,OswaldoLeannon
26,Uriel,Johnson,CarolannePouros
27,Ruthie,Robel,EmilieKoepp
28,Freida,Batz,DaishaLind
29,Wyatt,Stracke,KaleyKlein
30,Madelynn,Feest,AlessiaBeer
31,Jedidiah,Brekke,OthoSchmitt
32,Chance,Bode,EstelleWill
33,Gene,Leuschke,FrancesLangosh
34,Eddie,Kuhlman,EdwinaHaag
35,Andy,Corkery,KipMonahan
36,Zelda,Trantow,WalkerAuer
37,Winnifred,McDermott,MarkusGrant
38,Tia,Keebler,EdenHettinger
39,Jaren,Schultz,SamaraAnderson
40,Dasia,Wolf,EleazarUpton
41,Izabella,Gerlach,RomaineO'Conner
42,Lincoln,Block,LlewellynStamm
43,Delia,Altenwerth,RustyHuels
44,Celia,Kihn,ArianeKling
45,Winona,Homenick,GlenGusikowski
46,Lela,Larson,WendellOndricka
47,Gideon,Blick,VedaBrekke
48,Meaghan,Schowalter,KallieTurner
49,Lou,Effertz,ReaganHoppe
50,Enoch,Breitenberg,ClintonSanford
51,Tommie,Harris,PierreJohnson
52,Macy,Bahringer,JoelWeimann
53,Ryann,Lowe,RashawnSchumm
54,Andrew,DuBuque,KileyUllrich
55,Tod,Dach,SamaraWillms
56,Alec,Volkman,JoanaPaucek
57,Pierre,Gutkowski,NicholeFranecki
58,Bernie,Herman,KaelynHansen
59,Drew,Anderson,JerrodBorer
60,Zechariah,Hettinger,OceaneJenkins
61,Hoyt,Quitzon,MitchelPfannerstill
62,Kaycee,Torp,ShaniaBernhard
63,Zachariah,Brown,SigurdRice
64,Richie,Huel,JaquelinKling
65,Misael,Marquardt,JamisonDenesik
66,Toney,Botsford,MayraLuettgen
67,Jaunita,Kerluke,ChristianJacobs
68,Allen,Kuhic,TianaWiegand
69,Elda,Hilll,GroverJacobson
70,Imogene,Kirlin,DerickGibson
71,Paige,Schulist,RahsaanGibson
72,Zoie,Beier,EmersonFay
73,Gregg,Rohan,ElvieKirlin
74,Terrence,Olson,MaximillianKreiger
75,Annie,Quitzon,ArchSenger
76,Stuart,Hilpert,JailynDenesik
77,Keira,Lebsack,KrystalWisoky
78,Emerson,Ratke,CieloLueilwitz
79,Harold,Feest,TreLabadie
80,Antonio,Sipes,HildaOndricka
81,Nicholaus,Hahn,RowenaDavis
82,Consuelo,Gusikowski,AniyaEichmann
83,Catharine,Koss,KhalidKub
84,Ottis,Abernathy,MozellBecker
85,Travon,Wuckert,NarcisoBrown
86,Guiseppe,Harber,RocioNicolas
87,Lance,Greenholt,JermaineO'Reilly
88,Ricky,Dooley,MarceloLind
89,Trudie,Little,CollinReichert
90,Presley,Sawayn,GloriaChristiansen
91,Clay,Lueilwitz,MabelTromp
92,Ofelia,Schulist,RhettMcCullough
93,Demetrius,Gulgowski,JacyntheDonnelly
94,Sonia,Metz,JameyBechtelar
95,Fritz,Friesen,StephonBayer
96,Elbert,Fritsch,AldenHammes
97,Anais,Orn,ErichAltenwerth
98,Rhea,Mitchell,AlanisWill
99,Ibrahim,Gottlieb,LaishaBrakus
100,Hubert,Crist,JarretWaelchi
101,Damian,Gusikowski,KristinaSchmidt
102,Alycia,Kautzer,ErichDickens
103,Virgie,Morar,GranvilleHarris
104,Roberto,Paucek,DavidHermiston
105,Hope,McCullough,JuliannePfeffer
106,Sammy,Roberts,BlaisePollich
107,Chaim,Murray,ScarlettSanford
108,Verlie,Armstrong,GarettCollins
109,Ofelia,Roberts,JohnathanMann
110,Carley,Cassin,SibylRippin
111,Leonie,Stokes,LuraHand
112,Dimitri,Lueilwitz,MohamedYost
113,Rossie,Rohan,HillardWeissnat
114,Brando,Thompson,JacyntheGerhold
115,Lenore,Breitenberg,VadaGerhold
116,Kaleigh,Cremin,KarenOberbrunner
117,Ada,Streich,NarcisoBins
118,Floyd,Block,LeanneNienow
119,Zoila,Brekke,LottieWaters
120,Johann,Kuphal,TadGlover
121,Reyna,Rutherford,LeonoraSporer
122,Marilyne,Stehr,BrielleDach
123,Erica,Cremin,MargaritaCorkery
124,Ernest,Brekke,BrisaKshlerin
125,Raul,Feest,LaronCormier
126,Elouise,Farrell,WiltonStoltenberg
127,Nat,Labadie,JoyJenkins
128,Michael,Turcotte,EloiseHegmann
129,Elta,Murazik,MicheleLindgren
130,Bartholome,Mayer,TavaresBeier
131,Madie,Haag,ArjunGleason
132,Lillie,Dibbert,DominicHayes
133,Kris,Sanford,BlancheMcLaughlin
134,Briana,Kling,ChanelFeil
135,Yasmeen,Conroy,RonnyFahey
136,Zoie,Monahan,BrittanyDenesik
137,Zena,Bradtke,DillonGrant
138,Brooklyn,Smitham,JensenHegmann
139,Jalyn,Nader,FatimaQuigley
140,Brooks,Christiansen,DonnyRitchie
141,Jessika,Krajcik,MyrtleO'Kon
142,Reba,Stehr,ScottyRussel
143,Hilario,White,BulahKlein
144,Brown,Trantow,BenedictAdams
145,Jazmin,Gulgowski,SunnyReynolds
146,Dianna,Considine,JermainGottlieb
147,Gerhard,Orn,LucileBechtelar
148,Agustin,Senger,ZanderMante
149,Ardith,Buckridge,KirstinLockman
150,Emmalee,Schaden,EdenChristiansen
151,Kody,Roob,TimmothySenger
152,Gabriel,Lowe,MeaghanMraz
153,Leopoldo,Fisher,FredHaley
154,Paula,Yundt,EmeryHills
155,Adelia,Ratke,KamronKuhic
156,Florine,Davis,AdeliaWyman
157,Maiya,Kovacek,VitaParker
158,Calista,Effertz,EraGlover
159,Henry,Steuber,LamontLegros
160,Lelia,Davis,MollieEmmerich
161,Austin,Kautzer,GinoLynch
162,Flavio,Weber,MarilyneLuettgen
163,Jaeden,Kohler,IsabelHane
164,Armando,Waelchi,GusCummerata
165,Mina,Lueilwitz,ColtenEbert
166,Chet,Kemmer,TristianUpton
167,Doris,Hilpert,CarissaEffertz
168,Regan,Mayer,PatsyStoltenberg
169,Sabina,Rath,ErnestinaQuigley
170,Willa,Miller,AriannaSchumm
171,Jany,Bogan,AmaraDavis
172,Nora,Rosenbaum,VelvaWilliamson
173,Kurt,Romaguera,VellaMraz
174,Haleigh,Emard,MalachiAnkunding
175,Kathryn,Morissette,VickieBlock
176,Richmond,Swaniawski,AnikaO'Connell
177,Collin,Mayer,CortezAufderhar
178,Jamil,Gusikowski,TomasLockman
179,Regan,Mayert,MollieTowne
180,Ottilie,Kris,RosaliaTorphy
181,Jessica,Fay,TobinHuels
182,Theodora,Erdman,NicklausWhite
183,Osvaldo,Lueilwitz,CharlotteDach
184,Cynthia,Kovacek,JeanneCollier
185,Koby,Wilkinson,JeffreyDoyle
186,Gregg,Mills,BroderickGottlieb
187,Duncan,Heaney,KearaEichmann
188,Zula,Cartwright,ErickHilll
189,Kraig,Christiansen,MableKuhn
190,Freddy,Wiegand,LemuelBeer
191,Yvonne,Grady,PaulineHagenes
192,Max,Vandervort,MyrlEffertz
193,Orin,Pfannerstill,DustinWilderman
194,Jessyca,Prosacco,OletaHermiston
195,Ian,Murray,DiannaBarrows
196,Margret,Harris,HavenPadberg
197,Macy,Casper,AndresSchmitt
198,Laurianne,Streich,CrystalO'Conner
199,Elvera,Kshlerin,SavannaBahringer
200,Kelsie,Ankunding,CaleKemmer
201,Moises,Corkery,OraSchroeder
202,Alejandra,Bosco,NickolasBoyer
203,Jonathon,Osinski,MichaelaKessler
204,Wilfredo,Stark,AbigaleDonnelly
205,Tressie,Flatley,ChaunceyStrosin
206,Raymundo,Farrell,IsadoreHodkiewicz
207,Zita,Kohler,FrancesStreich
208,Lilyan,Hilpert,GertrudeRitchie
209,Bill,Runolfsson,LavinaBogan
210,Amya,Cummerata,CarissaTurcotte
211,Aiden,Abshire,TimmyReichel
212,Damion,Douglas,JuanitaRosenbaum
213,Bailey,Hills,LomaSchroeder
214,Tom,West,RaphaelThiel
215,Carter,Grady,BarryMurray
216,Natasha,Connelly,LennyPowlowski
217,Nathanial,Kunze,FritzCremin
218,Fritz,Beier,TalonWeissnat
219,Yazmin,Cremin,LarryO'Reilly
220,Carolanne,Brown,AbrahamFunk
221,Dedric,Hane,ChristinaHermiston
222,Russel,Deckow,BernardoZiemann
223,Tony,Gutkowski,GiuseppeHane
224,Elisha,Cummerata,EstherKrajcik
225,Brian,Rau,DeondreMertz
226,Lonzo,Ratke,DestinBatz
227,Jillian,Leuschke,AracelyOlson
228,Juliet,Gusikowski,DaxKoch
229,Cedrick,Wyman,ChynaKoss
230,Kaylah,Bahringer,AlGusikowski
231,Noemi,McDermott,EmersonRoberts
232,Edmond,Murazik,RettaMraz
233,Erich,Langworth,BurleyOkuneva
234,Claud,Kuphal,AlexanneAbernathy
235,Nikolas,Hayes,AglaeRogahn
236,Marian,Legros,EfrainCronin
237,Brandi,Jerde,AdrianaWintheiser
238,Justina,Turcotte,AuroreCarroll
239,Darrell,Ziemann,AnibalBosco
240,Erik,VonRueden,CameronKerluke
241,Alta,Brown,FloydHintz
242,Dayana,Parker,CarmeloRatke
243,Zackary,Ruecker,EmersonDaugherty
244,Gust,Senger,LeolaStroman
245,Effie,Beer,StephanieLittle
246,Kathryne,Crist,CleveStoltenberg
247,Jodie,Runte,KatelynnJast
248,Rowena,Prohaska,EnriqueDenesik
249,Wellington,Gulgowski,JoshuaMertz
250,Adele,Hessel,KirstenAbshire
251,Theresa,Towne,EfrainHettinger
252,Sonny,Conn,ZellaEmmerich
253,Eleanore,Fahey,PhilipBartell
254,Rhea,Rath,EldridgeWillms
255,Mikel,Ernser,WinstonKoepp
256,Marilyne,Botsford,AmiyaBode
257,Harold,Kozey,EttieFranecki
258,Gia,O'Connell,EmileLang
259,Alessia,Simonis,CatharineBarrows
260,Sabrina,Thompson,MonserrateNicolas
261,Jackson,Schoen,AshtonRath
262,Tatum,Cartwright,PercyDietrich
263,Kaylah,Stokes,EladioHessel
264,Merritt,Price,AshtynMayert
265,Allie,Flatley,MasonWalker
266,Alexandrine,Lebsack,JohnnyJacobson
267,Garth,Veum,DonatoKlein
268,Eli,Koepp,WaylonLedner
269,Jovan,Walker,SelenaHirthe
270,Annabel,Mertz,MacieKlocko
271,Easter,Goodwin,VitaBergstrom
272,Lenna,Wunsch,CristalCole
273,Krystina,Berge,KieranKreiger
274,Titus,Watsica,AliBartell
275,Destany,Bednar,AndreanneWeimann
276,Tom,Brown,ErnestRowe
277,Catharine,Fahey,KristyKoss
278,Rosalia,Wiegand,KaileeSauer
279,Toni,Bernier,MurrayNikolaus
280,Alfredo,Gleason,OrphaCrona
281,Annalise,Anderson,NikolasNolan
282,Trycia,Hane,MacGoyette
283,Skyla,Huels,ErlingJohnson
284,Dina,Hintz,DockCorwin
285,Vivianne,Nolan,LuzTrantow
286,Carey,Fay,DollyWeimann
287,Jacquelyn,Lebsack,MittieGerhold
288,Shana,Windler,TraceReilly
289,Jason,Walsh,VincenzoWiza
290,Phyllis,Effertz,CourtneySanford
291,Vergie,O'Keefe,OlinTromp
292,Georgiana,Schulist,BeulahWiegand
293,Marco,Schowalter,JohnpaulCummings
294,Joanne,Flatley,FreidaSchowalter
295,Alexane,Renner,FriedrichDietrich
296,Ardella,Zulauf,RosalindaFranecki
297,Afton,King,CamilaFarrell
298,Kristina,Johnston,ShaniyaHand
299,Bettie,Abbott,MaxVandervort
300,Davin,Mertz,TylerGleichner
301,Gia,Hackett,DashawnHills
302,Demarco,Dooley,ElisabethGrimes
303,Rosendo,Hettinger,StephanyHeidenreich
304,Gail,Armstrong,ChandlerRogahn
305,Niko,King,ErinArmstrong
306,Blanca,Macejkovic,JarrettJohnston
307,Van,Smith,CamdenTurcotte
308,Raheem,Schowalter,KathleenBeier
309,Beulah,Daugherty,GinaHammes
310,Allison,Hirthe,SalvatoreZieme
311,Jodie,Beahan,ZitaMurphy
312,Mohammed,Hackett,JesusHessel
313,Gudrun,Heathcote,AdriannaWindler
314,Jairo,Stehr,MyahMonahan
315,Serenity,Schinner,CamilleBruen
316,Merlin,Kling,OttisToy
317,Cornell,Swift,KianaBergstrom
318,Myriam,Schneider,EladioOrn
319,Victor,Schinner,AlisonTillman
320,Leonardo,Lubowitz,AbelOrn
321,Steve,Hane,ClaudineMcClure
322,Celestino,Daugherty,DoloresCormier
323,Stanford,Murphy,EmeraldAdams
324,Benny,Ondricka,AaliyahAbshire
325,Arnoldo,Cormier,CharleyBode
326,Amara,Weimann,VernerBrekke
327,Adrienne,Volkman,KolbyHeathcote
328,Jarred,Davis,BentonKassulke
329,Nicolette,Kessler,TiaHessel
330,Dane,Beahan,SonyaConsidine
331,Tre,Dibbert,LucioOrtiz
332,Margret,Stark,RussellHammes
333,Jeanne,Rempel,EstevanBrekke
334,Lucas,Cummerata,RoselynShanahan
335,Sibyl,Casper,RoselynJohns
336,Bernadine,Howell,FritzJohnson
337,Bell,Witting,JadeMurazik
338,Nicklaus,Abshire,MerlinTrantow
339,Trevion,Bradtke,BurniceO'Connell
340,Providenci,King,MuhammadErdman
341,Isadore,Kuhlman,BerylSchowalter
342,Hector,Prohaska,KrystalSchaden
343,Felton,Fahey,JessikaRitchie
344,Marcia,Corkery,GaetanoLittle
345,Adonis,Eichmann,JettHaley
346,Sim,Leffler,AbbeyRomaguera
347,Kitty,Wolf,MatildaStehr
348,Sanford,Dickinson,JeffCassin
349,Nicole,Hyatt,EdwinaGoyette
350,Salvatore,Walker,MireyaLebsack
351,Seth,Pagac,SpencerConroy
352,Leora,Jones,EdwardoPowlowski
353,Augusta,Homenick,ValentineStehr
354,Hazel,O'Hara,GinaConroy
355,Dee,Blanda,MarcellaKonopelski
356,Nora,Kautzer,EstelleTreutel
357,Chaz,Jacobson,AdeliaRempel
358,Jeromy,Muller,CareyWisoky
359,Twila,McClure,MackenzieKling
360,Demario,Beahan,JeramyKoch
361,Davin,O'Keefe,RudolphGleichner
362,Keeley,Kozey,SeamusSmith
363,Ashton,Mosciski,RafaelProhaska
364,Ima,Greenfelder,AntonioMarks
365,Mavis,Fay,UriahStrosin
366,Favian,Mann,MonteLittle
367,Dina,Baumbach,ChadrickYost
368,Demario,Little,SarahWalsh
369,Ed,Turner,PhyllisHahn
370,Anissa,Collier,AlexandreaLangworth
371,Harmony,Mayert,SheridanLegros
372,Eldon,Kerluke,HumbertoWyman
373,Vita,Nienow,SalvatoreJaskolski
374,Margot,Pollich,JairoKlocko
375,Dedrick,Crist,JasenKrajcik
376,Odessa,Orn,LiamJohnson
377,Mona,Hettinger,WilhelmVeum
378,Travis,Lowe,BrooksBeatty
379,Kylee,Dickens,BetsyDonnelly
380,Jayda,Huel,EileenGerlach
381,Ole,Miller,CeasarHartmann
382,Antone,Altenwerth,KavonDeckow
383,Rachael,Heidenreich,AftonUllrich
384,Yoshiko,Larkin,DevonteTurner
385,Frederique,Deckow,OceaneGulgowski
386,Tony,Koch,JohannMaggio
387,Earnestine,Rowe,FedericoMarvin
388,Lennie,Weber,SusieTrantow
389,Derrick,Bins,GeorgiannaDickens
390,Ryan,Gorczany,StuartKuphal
391,Jan,Kuvalis,OnieQuitzon
392,Etha,Raynor,MelissaBradtke
393,Alden,Hickle,TreverHintz
394,Neal,Balistreri,MarcelleKunde
395,Dianna,Labadie,JessikaGraham
396,Gladys,Bernhard,MarcusCrooks
397,Brady,Sawayn,AustenWaters
398,Henriette,Prohaska,VidalMcKenzie
399,Eunice,Reinger,SimTorp
400,Alvah,Dickens,IbrahimFay
401,Cleve,Raynor,SharonDaugherty
402,Isidro,Gleason,DonnaLuettgen
403,Ali,Flatley,NikkoKoelpin
404,Ludie,Cummerata,RansomMertz
405,Libbie,Ratke,RigobertoBrekke
406,Desmond,Bogisich,BettieErdman
407,Dejah,Anderson,JefferyWilderman
408,Tyrel,Waelchi,EdwinaTowne
409,Nicklaus,Daugherty,JennyferBarton
410,Keanu,McDermott,TaliaLebsack
411,Virgil,Kiehn,KaliCummerata
412,Cullen,Von,AnahiBosco
413,Jada,Kulas,IsaacHuels
414,Jennings,Emmerich,RosellaCummerata
415,Genevieve,Fritsch,BelleLowe
416,Laura,Johnson,SamPouros
417,Benjamin,Predovic,AbigailMills
418,Itzel,Steuber,AthenaJacobson
419,Elenora,Baumbach,OrrinThompson
420,Raina,Hagenes,EverardoO'Hara
421,Ambrose,Daugherty,EvansRyan
422,Bettye,Dach,WendyStamm
423,Kolby,Schamberger,ElissaHodkiewicz
424,Beulah,Harber,JulioMorar
425,Shanna,Blanda,KenFriesen
426,Gilbert,Tromp,BryanaTurner
427,Mariano,Reichert,FilomenaBradtke
428,Delfina,Kling,TobinBode
429,Melba,Macejkovic,NyaHarber
430,Christophe,Koss,MagdalenCormier
431,Kayden,Stark,RowanGraham
432,Tania,Mosciski,AlvisWeber
433,Aron,Hartmann,MicheleMacejkovic
434,Emerson,Bartell,NovellaMacejkovic
435,Abbigail,McClure,GrahamSauer
436,Katelynn,O'Hara,KennyEmmerich
437,Arlie,Parker,WinstonLeannon
438,Newell,Sanford,JanieGreenfelder
439,Eda,Lubowitz,BreannaMueller
440,Adan,Daugherty,DeshaunWaters
441,Precious,Smith,AustenSmitham
442,Emile,Harvey,AmandaWuckert
443,Rudy,Thiel,ElisabethChamplin
444,Annabell,Sipes,AthenaHauck
445,Loy,Terry,IsaiahCartwright
446,Davonte,Greenholt,DelilahDavis
447,Stephany,Vandervort,BernhardGreen
448,Frances,Wunsch,VernieDibbert
449,Enola,Hilpert,BernadetteKuphal
450,Stevie,Barrows,BenjaminBeatty
451,Max,Miller,AdeliaHahn
452,Emie,Cruickshank,KendrickStokes
453,Rick,Doyle,EzequielKuhlman
454,Kamren,Schmeler,WainoMcDermott
455,Clementine,Armstrong,AbigaylePrice
456,Efren,Keeling,OttoSchmidt
457,Sabryna,Ryan,DeshawnKuhlman
458,Ryan,Jast,ChristelleDaniel
459,Chad,Stanton,AntoinetteLueilwitz
460,Isac,Volkman,OwenPfannerstill
461,Elnora,Terry,ColtStrosin
462,Bernard,Littel,ZoeMedhurst
463,Ashlee,Bins,JocelynKoepp
464,Ora,Quitzon,RethaMcLaughlin
465,Madalyn,Stehr,VivienneFisher
466,Israel,Cremin,SantosSchowalter
467,Cindy,Wintheiser,VeronaWalker
468,Susie,Upton,VelvaStamm
469,Sarina,Hartmann,EthanKilback
470,Millie,Bernier,PierreTreutel
471,Quincy,Beahan,OralStreich
472,Abel,Haag,ChristianCollins
473,Christian,Cronin,ArjunErnser
474,Desmond,Cummings,RashawnAdams
475,Ashly,Medhurst,BuckPagac
476,Carey,Herman,BernhardSwaniawski
477,Sheridan,Schumm,FletcherO'Connell
478,Dashawn,McGlynn,VestaDouglas
479,Tyshawn,Witting,TomasKub
480,Clemens,Collins,EmieVonRueden
481,Randi,Jast,QueenToy
482,Olen,Konopelski,AlenaRaynor
483,Laurence,Vandervort,VeldaMorar
484,Chyna,Kutch,DonnyChristiansen
485,Jordan,Franecki,JoanieLuettgen
486,Kobe,Kshlerin,EileenGulgowski
487,Doris,Ledner,EdwinaTerry
488,Micheal,Schroeder,RosemarieHowe
489,Ike,Carter,SolonSchultz
490,Marianne,Muller,CandidoGutmann
491,Eve,Mante,LuciousPfannerstill
492,Amani,Tromp,FrancescaPfeffer
493,Freeman,Klocko,KhalidKerluke
494,Cathrine,Kutch,MerlinCassin
495,Hobart,Luettgen,LuisaAufderhar
496,Jaunita,Rau,ArdellaVonRueden
497,Cassidy,Waters,NickolasSwaniawski
498,Shany,Ruecker,TerrellDavis
499,Darius,Miller,RandallGreen
500,Magali,Kautzer,NolaCummerata
501,Jackeline,Yundt,BryceGrant
502,Anissa,Grant,LoyalPollich
503,Enrico,Stoltenberg,ElvisJacobson
504,Krystel,Rath,AdriannaKulas
505,Tyler,Dietrich,DamonHills
506,Dangelo,Beahan,TyrelRogahn
507,Eliza,Friesen,JoeBode
508,Lura,Satterfield,NarcisoHintz
509,Brisa,Price,GudrunHettinger
510,Audrey,Ullrich,DaphneCorkery
511,Isidro,West,MarcelinaAbbott
512,Rahsaan,West,BrockPouros
513,Michele,Kuhlman,ShadGleason
514,Viva,Powlowski,PierreHegmann
515,Hubert,Lebsack,LorenaBraun
516,Vida,Konopelski,JanickKertzmann
517,Ozella,Stracke,ElizaGutkowski
518,Mauricio,Wuckert,BrockAbbott
519,Israel,Hermiston,JacintheBernhard
520,Pearlie,Lehner,BernadetteHowe
521,Brad,Cassin,VirgilLangworth
522,Shanna,Howell,HaylieGulgowski
523,Mac,Cormier,LelahMante
524,Aletha,Considine,TeaganMorissette
525,Viva,Walter,NettieOndricka
526,Mayra,Friesen,AmyaLeuschke
527,Joy,Littel,LessieDonnelly
528,King,Harris,DejaWaelchi
529,Anissa,Quitzon,ErickHaag
530,Darrell,Bogan,MitchelGlover
531,Margaret,Schimmel,PriscillaMcKenzie
532,Chanel,Schowalter,QuincyBradtke
533,Shanie,Hand,MargarettaShields
534,Stevie,Mills,ErickO'Reilly
535,Lane,Hahn,SantosNader
536,Fermin,Cruickshank,VirginiaHodkiewicz
537,Henri,Welch,JudgeDooley
538,Dorothy,Ullrich,LutherLittle
539,Alta,Schaefer,MaximoSchulist
540,Ashly,Hand,ZakaryLeuschke
541,Elaina,Windler,MadisenTreutel
542,Wendy,Ondricka,EzequielRohan
543,Floyd,Fahey,EwellShields
544,Lance,Effertz,JeremieHettinger
545,Cecil,Christiansen,ShanelleSchumm
546,Candice,Ritchie,RodgerBahringer
547,Bert,Adams,StellaKling
548,Amalia,Schultz,StacyPacocha
549,Claudia,Hammes,FannyDach
550,Monte,Gutmann,JaydeHilpert
551,Bart,Gottlieb,SunnyMills
552,Queenie,Zemlak,VivianneOberbrunner
553,Joy,Sawayn,DonnyRyan
554,Freeda,Cronin,DomenicaKoch
555,Jordyn,Shields,DionZemlak
556,Clyde,Hirthe,RhiannaParker
557,Janet,Roob,JoySchowalter
558,Orin,Kozey,EnricoMann
559,Rene,O'Kon,KathrynBrekke
560,Delfina,White,GretaJerde
561,Kenya,Tillman,EveretteHodkiewicz
562,Antonietta,Beier,AlexzanderGoldner
563,Al,Lubowitz,JanetMiller
564,Lacey,Carroll,SierraWehner
565,Fern,Halvorson,HollieSchaefer
566,Greyson,Leannon,WandaSawayn
567,Carolyne,Gerlach,KennediMosciski
568,Della,Reilly,JettieHahn
569,Treva,Greenholt,TerrellSchinner
570,Jerel,Rau,AnnetteMraz
571,Shayna,Hickle,CleoAdams
572,Nelda,Gerlach,DemetrisRoob
573,Emil,Anderson,ClaraBruen
574,Toby,Kub,LaneyPadberg
575,Meghan,Kuhlman,CarmelBrakus
576,Jaren,Ritchie,EmmaleeWeissnat
577,Sonia,Stokes,SammieRunolfsdottir
578,Madonna,Rowe,ZolaWolff
579,Kayden,Kertzmann,MarianoFlatley
580,Kaitlin,Williamson,AmyMueller
581,Dejuan,DuBuque,ArnoKoelpin
582,Orin,Erdman,KamronCrooks
583,Zoe,Legros,GregorioGusikowski
584,Phoebe,Roberts,RevaWalter
585,Aiyana,Kihn,MaximilianHane
586,Desmond,Monahan,JairoBogan
587,Toni,Haag,TessUllrich
588,Julianne,Fritsch,LessieYundt
589,Benjamin,Gutkowski,RosannaO'Connell
590,Alexa,Welch,PrinceLarkin
591,Jaiden,Schneider,BrooklynRaynor
592,Lonny,Beahan,DaphneSchuster
593,Elizabeth,Reilly,ArelyTorp
594,Pearline,Hirthe,ArdenStamm
595,Harrison,Gutmann,PriscillaMoen
596,Mariam,Sipes,RebekaNicolas
597,Ryley,Denesik,FreidaFunk
598,Casper,Skiles,TaylorWunsch
599,Juliet,Cronin,MohammadLegros
600,Garett,Gibson,ElouiseWolf
601,Ressie,Wilkinson,JusticeJacobson
602,Frederic,Grant,RaulWest
603,Albin,Stehr,EmmyLittle
604,Adah,Emard,OletaMurray
605,Savanah,Kulas,GeraldHamill
606,Drew,Schumm,DellaReilly
607,Dangelo,Ritchie,MaverickRuecker
608,Noemy,Rempel,HelgaVandervort
609,Prudence,Sipes,BrigitteHeaney
610,Oswaldo,Boehm,KraigConnelly
611,Francisca,Sanford,MaritzaHomenick
612,Ashley,Hills,CarissaWisozk
613,Kevin,Kreiger,AlyciaKoch
614,Junior,Dibbert,PrestonHarris
615,Serena,Will,OlaGleichner
616,Stefanie,Kihn,AlleneSchowalter
617,Enrico,Leffler,TillmanHauck
618,Nico,Veum,MarionSwift
619,Arlene,Parker,BernardoBeatty
620,Johnnie,Huel,ShainaO'Connell
621,Bethany,Rohan,KellenMann
622,Amanda,Durgan,DouglasWintheiser
623,Emanuel,Hills,EmilianoJacobi
624,Marlee,Bailey,JosianneVon
625,Sharon,Ward,MaidaSchroeder
626,Jaiden,Hagenes,VidaSchinner
627,Mario,Monahan,VallieLakin
628,Cloyd,Ernser,RoyceGislason
629,Oswaldo,Lemke,CarolynSchaefer
630,Keely,Halvorson,NicholeSporer
631,Dalton,Terry,LornaGutkowski
632,Fredy,Hickle,EltaHyatt
633,Annamae,Reynolds,StephanJewess
634,Magdalen,Hayes,SidneyHeathcote
635,Stephany,DuBuque,JoaquinGusikowski
636,Coleman,Borer,BradyOrtiz
637,Stacy,Cormier,BernadineKuvalis
638,Jalen,Roberts,LavernaHudson
639,Jaqueline,Heller,MateoStroman
640,Justina,Kozey,TrinityAnkunding
641,Lew,Blanda,JaunitaHettinger
642,Mark,Frami,PeteCassin
643,Sophia,McKenzie,CindyTowne
644,Pablo,Skiles,BridieKutch
645,Vinnie,Blanda,AshleeWuckert
646,Lorine,Grant,IsmaelKoch
647,Kylee,Mueller,MarieLarkin
648,Myah,Kihn,JaclynKling
649,Billie,Parker,CassandreGulgowski
650,Abraham,Bosco,AidaRaynor
651,Tomasa,Jacobi,EzraDoyle
652,Kailee,Heathcote,ElinoreSatterfield
653,Rahsaan,Crooks,BridgetEmmerich
654,Daisy,Haley,JesseBauch
655,Brisa,Parker,JuneWalker
656,Andreane,Klocko,BrisaGraham
657,Kareem,Zboncak,ErickBogan
658,Marc,Hansen,DarrickWeimann
659,Jaylin,Ondricka,VirgiePrice
660,Doyle,Gutkowski,CristalBuckridge
661,Joe,Gutmann,GuadalupeBogisich
662,Bernita,Cartwright,EffieHeathcote
663,Heather,Jenkins,DenaDeckow
664,Onie,Robel,LillianO'Connell
665,Irving,Hermann,MurielGlover
666,Declan,O'Conner,DanCronin
667,Randi,Wisoky,AlenaHackett
668,Jayson,O'Kon,MyrnaBashirian
669,Niko,Gislason,WinonaWiza
670,Stewart,Prosacco,GabrielRenner
671,Tressa,Parisian,DaphneeVonRueden
672,Vernon,Thompson,EthaFeeney
673,Wyatt,Lueilwitz,FrederikBlanda
674,Darrin,Wilderman,NoahFay
675,Shayne,Douglas,DamienKihn
676,Jessica,Smitham,LouveniaSchiller
677,Kallie,Daniel,LiamMann
678,Anjali,Cummings,SylvesterRowe
679,Candido,Hammes,RetaLockman
680,Darrell,Graham,EzraBeatty
681,Brycen,Beer,GregoriaTorphy
682,Walker,Russel,WaldoFriesen
683,Gage,West,RowenaWatsica
684,Myrna,Mraz,LydaPurdy
685,Modesto,Bins,GreenJohns
686,Krystina,Nolan,MargarettaMacejkovic
687,Ceasar,Johns,IsacKing
688,Hope,Weber,JordiDonnelly
689,Daphney,VonRueden,LinaPurdy
690,Gunner,Heaney,EthelynEichmann
691,Taylor,Torphy,KathlynReinger
692,Nannie,Murazik,AriannaConnelly
693,Josiane,Barton,FloydBogan
694,Eryn,Bauch,KaliO'Connell
695,Amira,Daugherty,VictoriaCummerata
696,Guadalupe,Bartoletti,KatrinaMarvin
697,Arely,Roberts,LaurianneRosenbaum
698,Jennifer,Okuneva,LibbieHerman
699,Yazmin,Oberbrunner,DaphneyHermann
700,Marquise,Wolf,ReinaKertzmann
701,Ramiro,Leffler,BetsyAuer
702,Forest,Emmerich,NedraSchulist
703,Bradly,Treutel,JonatanYost
704,Coralie,Bashirian,GeoOsinski
705,Antwan,Harris,MyrtisJakubowski
706,Geovany,Emmerich,VidaWyman
707,Anahi,Lemke,ErinCummerata
708,Monte,Grady,VirgieKunde
709,Reagan,McClure,RichmondRempel
710,Warren,Lemke,OrionKutch
711,Vallie,Schulist,ColtFadel
712,Alek,Roob,HarrySanford
713,Robb,Volkman,LeraBogisich
714,Nelle,Boehm,StephanyPrice
715,Elbert,Fritsch,OmaMertz
716,Fernando,Morissette,DandreReynolds
717,Cristal,Abshire,DurwardBahringer
718,Merle,Kuphal,WallaceAnderson
719,Davin,Stark,MonserratGutmann
720,Gregg,Erdman,BreanneQuitzon
721,Darius,Simonis,ChadrickSchuster
722,Heather,Maggio,KennediSchaden
723,Berenice,Kautzer,OdieDaugherty
724,Wilson,Hilpert,AgnesPurdy
725,Kaitlin,Batz,MichealBeatty
726,Laurie,Pagac,MaurineGreenholt
727,Helena,Cormier,EliseoEmmerich
728,Carley,Swift,KristySchuster
729,Laila,White,MaximilianVeum
730,Bart,Nader,DianaCummings
731,Noelia,Zboncak,DevonteGrant
732,Mara,Stamm,StoneKing
733,Karl,Jacobs,RaheemAufderhar
734,Pearl,Hilpert,FerminMertz
735,Claudie,Klocko,AnnettaAltenwerth
736,Noemie,Larson,CaleighCarroll
737,Charlene,Goodwin,MelissaPurdy
738,Jonas,Rolfson,DrakeMarquardt
739,Daniela,Schoen,EileenPaucek
740,Jermaine,DuBuque,LennieKrajcik
741,Fausto,Fahey,HughSchroeder
742,Kasandra,Lesch,RubyePadberg
743,Davion,Pagac,RhodaLebsack
744,Pablo,Schulist,EdisonWilkinson
745,Gia,Ondricka,KaitlinJaskolski
746,Jensen,Murphy,KelleyMcKenzie
747,Collin,Reilly,VidalO'Reilly
748,Larue,VonRueden,GarrickKub
749,Amalia,Batz,KadeAuer
750,Kara,Daniel,VicentaBradtke
751,Rudy,Powlowski,DagmarWintheiser
752,Polly,Dare,JordonBraun
753,Donavon,Collins,SidNader
754,Americo,Block,LavonneSchumm
755,Evangeline,Haley,ElmoEichmann
756,Rosendo,Franecki,JustynShields
757,Laurianne,Rowe,DorothyMedhurst
758,Zena,Watsica,CaesarLuettgen
759,Phoebe,Feil,MarshallQuitzon
760,Hortense,Watsica,RolandoWalker
761,Mattie,Bogan,LavernArmstrong
762,Jaylon,Schuster,MaurineAbernathy
763,Leonel,Connelly,RhiannonLynch
764,Martin,Thiel,EarleneStamm
765,Chandler,Daniel,RebekaHarris
766,Michaela,Stokes,DanikaKrajcik
767,Kelsie,Kuvalis,JewellKrajcik
768,Pablo,Borer,WarrenParisian
769,Fausto,Zulauf,PierceYundt
770,Oren,Heathcote,TonyWindler
771,Thora,Gislason,FrederiqueDach
772,Carson,Walsh,MarleeHegmann
773,Emmett,Haley,GraceHammes
774,Shanelle,Barrows,KristopherO'Kon
775,Rhiannon,Flatley,WaldoHayes
776,Kody,Terry,WilfredKiehn
777,Tevin,Conn,FranciscaJewess
778,Maximillian,Larkin,KamilleCremin
779,Rylan,Stroman,LuciousMohr
780,Jazmyne,O'Hara,JazmynEmard
781,Alize,Altenwerth,WebsterRuecker
782,Dexter,Romaguera,LucindaDickens
783,Rudolph,Gaylord,CooperHuels
784,Leonard,Cronin,MatildeOkuneva
785,Letitia,Kihn,MohammedBashirian
786,Lourdes,Prosacco,JamesonUllrich
787,Magali,Leannon,MaritzaHilll
788,Isabel,Pagac,AglaeHowe
789,Marcia,Sporer,DanielaKautzer
790,Merritt,Gleason,HaileeDietrich
791,Amy,Connelly,MarianaWill
792,Ivy,Grimes,BernadineMurphy
793,Eladio,Beer,TorranceMaggio
794,Augustus,Wilderman,ElmerRolfson
795,Emma,Marvin,GraceSchamberger
796,Dorthy,Keebler,AgustinKozey
797,Desiree,Erdman,LaurelKuphal
798,April,Hirthe,EmilBergstrom
799,Abel,Frami,DamionMurphy
800,Jovan,Langworth,JameyWaelchi
801,Jaycee,Fisher,ClareMarvin
802,Adele,Connelly,WilmerRunte
803,Jaron,O'Reilly,AlanaJones
804,Raul,Sanford,JarretHeller
805,Carmella,Sipes,MarlenCorwin
806,Elza,Mraz,ArjunNikolaus
807,Cassandra,Rogahn,SerenityOrn
808,Delta,Rodriguez,GlennieEmmerich
809,Kaya,Leuschke,ZitaJast
810,Bridie,Stehr,DevonBraun
811,Euna,Rosenbaum,CoraRutherford
812,Dejah,Emmerich,TaliaMedhurst
813,Brycen,Nicolas,ModestoReynolds
814,Luisa,Wisozk,SuzanneBernhard
815,Yadira,Mertz,MackenzieConn
816,Dimitri,Jacobi,DamianDoyle
817,Maximillian,Wolff,ShannaLedner
818,Reilly,Kiehn,JettieMurazik
819,Violette,Zboncak,JenniferBergstrom
820,Anabel,Kunde,MosheZboncak
821,Einar,Reynolds,RudolphFritsch
822,Finn,DuBuque,CasandraZboncak
823,Daryl,McKenzie,CaroleLuettgen
824,Caesar,Ritchie,OvaCartwright
825,Bernie,Corwin,MarlenWiegand
826,Richard,Crooks,EloisaHegmann
827,Kenna,Miller,VanLeffler
828,Alvah,Hamill,HarryHills
829,Precious,Jacobson,JaylanTurner
830,Kiera,Torphy,TyrellHowell
831,Dock,Braun,ChristianCarter
832,Ashley,Jast,JavonKub
833,Isaiah,Purdy,TiffanyGutmann
834,Alena,Tromp,ReannaWalker
835,Lupe,Little,MarciaStoltenberg
836,Boris,Bartoletti,FelipeFrami
837,Loma,Vandervort,WallaceTowne
838,Reanna,Blanda,ArleneBergstrom
839,Isabella,Kuhic,KadinWilderman
840,Norene,O'Hara,EltaAbernathy
841,Johathan,Conroy,EdisonLang
842,Candice,Pollich,JaniyaStokes
843,Clarissa,Eichmann,TadKris
844,Loraine,Zieme,AlfKlein
845,Antwon,Predovic,TressieRohan
846,Hortense,Abernathy,AdrainBergstrom
847,Alba,Aufderhar,HobartRunolfsdottir
848,Kendra,Waters,LisandroLindgren
849,Dalton,Walsh,AntonettaSipes
850,Uriah,Koss,GisselleHalvorson
851,Lysanne,Price,LudieLebsack
852,Vergie,Heaney,PinkieKautzer
853,Britney,Kunde,ElinorLegros
854,Reuben,Kutch,MetaTorphy
855,Crystel,Legros,BridieGoodwin
856,Watson,Lueilwitz,GarretCassin
857,Pedro,Oberbrunner,SavannaOsinski
858,Fae,D'Amore,MistyStamm
859,Alessandro,Wiegand,MerlinMarquardt
860,Bennie,Johns,JoshuaDenesik
861,Fritz,Braun,JennieZulauf
862,Annamae,Kiehn,EmmaOrtiz
863,Marina,Abshire,LavadaKlocko
864,Simone,Becker,AugustPacocha
865,Charlotte,Stroman,MattieOlson
866,Justice,White,LourdesHane
867,Monty,Huel,GrantMurray
868,Cleve,Sporer,ReannaWilliamson
869,Wilhelm,Harvey,SummerWelch
870,Ernie,Towne,HildaBogan
871,Mireya,Towne,SebastianBlick
872,Ansel,Effertz,EvanWiegand
873,Nat,Frami,DemarcusOsinski
874,Annamarie,Welch,DamarisBlock
875,Abelardo,Bins,BrittanyBayer
876,Ramiro,Langosh,MarlonQuigley
877,Grayce,Dietrich,JulienBoehm
878,Christiana,Lockman,BernadineMcClure
879,Shakira,Flatley,KassandraLegros
880,Jaylan,Lindgren,HadleyHermann
881,Destin,Huels,DavonteHessel
882,Hayden,Schmidt,AshlyGoldner
883,Marlee,Schuppe,AutumnSporer
884,Eda,Gibson,MaxineZemlak
885,Camylle,Legros,OlinUpton
886,Maryam,Reilly,VerlaHuels
887,Deven,Schulist,TavaresHegmann
888,Rod,Hirthe,JettieEmmerich
889,Johann,Stokes,RebeccaKemmer
890,Jackie,Lind,ScotUpton
891,Zechariah,Bergstrom,SheaLehner
892,Stanley,Rau,AvisRenner
893,May,Rau,AdelaSmitham
894,Green,Hickle,ZulaOlson
895,Dock,Dibbert,ConorHarvey
896,Janice,Kerluke,BernadineRoob
897,Pearlie,Gerhold,JohnathonDeckow
898,Imogene,Boyle,TerrillGoyette
899,Carley,Parker,MelvinaShanahan
900,Hipolito,Gutkowski,TristianWalker
901,Adriel,VonRueden,EnaLeannon
902,Brandon,Friesen,LeathaBlanda
903,Jordi,Stroman,AlfredaAbshire
904,Jadyn,Tromp,IsaiasLeannon
905,Kaycee,Romaguera,RaphaelleO'Keefe
906,Jordane,Collins,EvertFarrell
907,Katlyn,Zulauf,LeoLang
908,Meghan,Waters,MarcusLedner
909,Malinda,Hoeger,HankLubowitz
910,Bill,Murray,MarcO'Hara
911,Meagan,Brakus,GinaHessel
912,Ansel,Friesen,AlfonsoGoyette
913,Garett,Heller,ElmiraYundt
914,Afton,Conroy,RoyalBoyer
915,Delilah,Oberbrunner,KirstinMayert
916,Tomasa,Wiza,DarleneVolkman
917,Casper,Larkin,PansyMarks
918,Alexander,Effertz,HailieMiller
919,Marcelo,Metz,SeamusBerge
920,Shaniya,Mann,ErickaGrant
921,Ansel,Johns,GenevieveProsacco
922,Jabari,Reichel,FreddieStark
923,Zelma,Barrows,GlennieMedhurst
924,Amalia,Gerlach,BennettLueilwitz
925,Elmore,Ratke,AmelyLesch
926,Orie,Medhurst,SierraGreenfelder
927,Robyn,Bashirian,WestonSmitham
928,Ethyl,Eichmann,JuanaNienow
929,Clint,Mraz,JazmyneBarton
930,Patience,Mitchell,TobyRice
931,Bertram,Quitzon,NigelKovacek
932,Giuseppe,Collier,ScottyGottlieb
933,Daren,Buckridge,WilsonDenesik
934,Charley,Windler,LorenHammes
935,Henriette,Abbott,KeltonKohler
936,Henry,Tillman,TaraSchmitt
937,Margaretta,Barrows,KearaGerlach
938,Princess,Leffler,VincenzaErnser
939,Sharon,Lowe,BerryHauck
940,Sage,Kautzer,DaphneeKozey
941,Johan,Reilly,DesireeWitting
942,Jessyca,O'Kon,JoannyCrona
943,Joshuah,Kuhic,JacintoMurray
944,Oscar,Kshlerin,TadBauch
945,Danial,Hane,ShainaKonopelski
946,Raquel,Simonis,ColbyHarris
947,Ramon,Boyer,EulahMcKenzie
948,Eveline,Considine,AidaKonopelski
949,Jaylan,Balistreri,HansO'Connell
950,Pedro,Ondricka,LurlineKuhlman
951,Gabriel,Wiegand,ClaudeWilderman
952,Gustave,Herzog,LelandWill
953,Kallie,Doyle,CandelarioUpton
954,Jessie,Kessler,AndersonHeller
955,Selena,Rath,BeaulahDavis
956,Morton,Will,ClareSawayn
957,Arnold,Harvey,VivienneMarvin
958,Leon,Ruecker,CoyZulauf
959,Lloyd,Pfeffer,FranciscoO'Hara
960,Roy,Goyette,JonMraz
961,Michel,Sporer,AndreanneRunolfsdottir
962,Aglae,Nitzsche,ClydeHegmann
963,Lukas,Ledner,AnyaGutkowski
964,Casimer,O'Conner,ErickErdman
965,Stanford,Rau,RansomWest
966,Aditya,Weissnat,CallieFeest
967,Dave,Schiller,ChetHowe
968,Akeem,Bernier,RahsaanReilly
969,Gerard,Bartoletti,IdaNienow
970,Dora,Nader,TressieLindgren
971,Travis,Lowe,OrrinGleason
972,Elmer,Predovic,AliGerhold
973,Dedric,Miller,MariannaFeil
974,Zaria,Hermiston,DestanyFritsch
975,Edgardo,Lang,ArlieBechtelar
976,Fannie,Ziemann,FranciscoStiedemann
977,Chanelle,Collins,AdolphusKihn
978,Adelle,Rosenbaum,StephanHirthe
979,Ollie,Botsford,ShaynaHowell
980,Irving,Tillman,VivienOberbrunner
981,Abel,Terry,JefferyMann
982,Margot,Johns,EmmieMitchell
983,Kaela,Zemlak,AmberOsinski
984,Mary,Hodkiewicz,LoraineMayert
985,Rhoda,Kunde,DerickMacejkovic
986,Vivien,Rosenbaum,AntoninaGutmann
987,Hobart,Bernier,AniyahBechtelar
988,Katheryn,Durgan,CaylaSchultz
989,Timothy,Hartmann,MiracleKoepp
990,Sigrid,Adams,JoaquinCrooks
991,Sigurd,Gutmann,JudyDietrich
992,Bailee,Blick,HershelRodriguez
993,Maci,Ullrich,CobyWisozk
994,Gracie,Waelchi,JazlynReilly
995,Dorian,Lindgren,PhyllisWisoky
996,Clark,Schinner,AlizeMurphy
997,Maurice,Barton,BradlyGoldner
998,Ansel,Schuppe,RayHand
999,Althea,Smith,AaronBoehm
1000,Daisy,Goodwin,AlannaJacobi
